,Target
0,0.7735
1,0.7200
2,0.7615
3,0.8267
4,0.8546
5,0.8584
6,0.8447
7,0.8337
8,0.8527
9,0.8466
10,0.8346
11,0.8267
12,0.8862
13,0.8596
14,0.8406
15,0.8527
16,0.8685
17,0.8704
18,0.8704
19,0.8644
20,0.8565
21,0.8308
22,0.8071
23,0.7913
24,0.8109
25,0.8368
26,0.8527
27,0.8685
28,0.9058
29,0.8843
30,0.9179
31,0.9179
32,0.8704
33,0.8764
34,0.8843
35,0.8783
36,0.8527
37,0.8546
38,0.8663
39,0.8862
40,0.9198
41,0.9397
42,0.9593
43,0.9555
44,0.9634
45,0.9793
46,0.9533
47,0.9634
48,0.9514
49,0.9356
50,0.9020
51,0.9296
52,0.9356
53,0.9137
54,0.8821
55,0.8447
56,0.8466
57,0.8685
58,0.8425
59,0.8308
60,0.8504
61,0.8327
62,0.8485
63,0.8504
64,0.8625
65,0.8941
66,0.8881
67,0.8802
68,0.8900
69,0.8704
70,0.8862
71,0.8900
72,0.8644
73,0.8565
74,0.8663
75,0.8802
76,0.8941
77,0.9039
78,0.8922
79,0.9080
80,0.9080
81,0.9476
82,0.9179
83,0.9612
84,0.9653
85,1.0305
86,1.0030
87,1.0147
88,1.0742
89,1.0584
90,1.0900
91,1.1869
92,1.1673
93,1.1473
94,1.1277
95,1.1078
96,1.1059
97,1.0979
98,1.0900
99,1.0644
100,1.1119
101,1.1552
102,1.0961
103,1.1119
104,1.0821
105,1.1394
106,1.1673
107,1.1552
108,1.2008
109,1.2344
110,1.2679
111,1.2483
112,1.2818
113,1.3274
114,1.3470
115,1.2977
116,1.2860
117,1.3610
118,1.3037
119,1.2916
120,1.2780
121,1.1869
122,1.0821
123,0.9872
124,1.0802
125,1.1255
126,1.0961
127,1.1119
128,1.2106
129,1.1831
130,1.2068
131,1.1910
132,1.1771
133,1.2087
134,1.1809
135,1.1394
136,1.1631
137,1.1692
138,1.1711
139,1.2125
140,1.2185
141,1.2265
142,1.2363
143,1.2502
144,1.2068
145,1.1296
146,1.1097
147,1.0188
148,1.0305
149,1.0109
150,0.9751
151,1.1119
152,1.1850
153,1.2265
154,1.1831
155,1.1594
156,1.1613
157,1.1869
158,1.1413
159,1.1752
160,1.1631
161,1.1236
162,1.1850
163,1.1157
164,1.1650
165,1.1533
166,1.1752
167,1.1910
168,1.1967
169,1.2246
170,1.2087
171,1.2046
172,1.1594
173,1.1119
174,1.0622
175,1.0761
176,1.1296
177,1.1394
178,1.1017
179,1.1217
180,1.1315
181,1.1176
182,1.1473
183,1.1375
184,1.1119
185,1.1097
186,1.0109
187,1.0802
188,1.1394
189,1.0663
190,1.0365
191,1.0682
192,1.0147
193,1.0128
194,1.0128
195,1.0682
196,1.0286
197,1.0622
198,1.0384
199,1.0584
200,1.1138
201,1.1097
202,1.2027
203,1.2600
204,1.2423
205,1.2939
206,1.2916
207,1.2679
208,1.2958
209,1.3056
210,1.3708
211,1.3214
212,1.4243
213,1.4243
214,1.4521
215,1.4600
216,1.4717
217,1.3097
218,1.3075
219,1.2939
220,1.2837
221,1.2283
222,1.2265
223,1.2464
224,1.2818
225,1.2701
226,1.2939
227,1.3037
228,1.2958
229,1.2404
230,1.2720
231,1.1989
232,1.1492
233,1.1948
234,1.1771
235,1.2125
236,1.2543
237,1.1929
238,1.2125
239,1.1711
240,1.1394
241,1.1771
242,1.2166
243,1.2166
244,1.1850
245,1.1692
246,1.1017
247,1.0682
248,1.0961
249,1.0821
250,1.0584
251,1.0505
252,1.0881
253,1.0802
254,1.0305
255,1.0188
256,1.0505
257,1.0780
258,1.1236
259,1.0780
260,1.1236
261,1.0603
262,1.1097
263,1.0445
264,1.0663
265,1.0701
266,1.0524
267,1.1198
268,1.1356
269,1.1375
270,1.1413
271,1.1730
272,1.2027
273,1.1752
274,1.1673
275,1.1631
276,1.1473
277,1.0961
278,1.1245
279,1.1315
280,1.1217
281,1.0723
282,1.0780
283,1.0881
284,1.1514
285,1.2404
286,1.2958
287,1.4480
288,1.3945
289,1.3610
290,1.4559
291,1.5686
292,1.4717
293,1.4876
294,1.4084
295,1.4521
296,1.4322
297,1.4164
298,1.4717
299,1.4619
300,1.4046
301,1.4046
302,1.4322
303,1.4303
304,1.3451
305,1.3907
306,1.3274
307,1.3135
308,1.3945
309,1.3768
310,1.3945
311,1.4183
312,1.4736
313,1.5015
314,1.5233
315,1.5490
316,1.5094
317,1.5331
318,1.5233
319,1.4698
320,1.4382
321,1.4578
322,1.5173
323,1.4679
324,1.4917
325,1.4717
326,1.4363
327,1.3828
328,1.3391
329,1.3353
330,1.3470
331,1.4363
332,1.4657
333,1.4341
334,1.4657
335,1.4996
336,1.5787
337,1.7249
338,1.7607
339,1.7249
340,1.6993
341,1.7705
342,1.6854
343,1.6794
344,1.7230
345,1.6737
346,1.7110
347,1.6578
348,1.6873
349,1.6123
350,1.6993
351,1.7211
352,1.7053
353,1.7626
354,1.7645
355,1.7487
356,1.7031
357,1.7329
358,1.7132
359,1.7230
360,1.7528
361,1.8892
362,1.8990
363,1.9009
364,1.9148
365,1.9088
366,1.9031
367,1.8595
368,1.8734
369,1.9228
370,1.9110
371,1.9427
372,1.9664
373,2.0494
374,1.9642
375,2.0652
376,2.1718
377,2.2332
378,2.3263
379,2.4171
380,2.3579
381,2.3915
382,2.4510
383,2.3738
384,2.4627
385,2.3855
386,2.4311
387,2.4352
388,2.5023
389,2.1918
390,2.2253
391,2.0038
392,2.0554
393,1.9405
394,1.8873
395,1.8693
396,2.0038
397,1.9535
398,2.0433
399,2.1503
400,2.1266
401,2.1006
402,2.0750
403,2.1108
404,2.1424
405,2.0266
406,2.3165
407,2.3598
408,2.3184
409,2.1680
410,2.3776
411,2.4092
412,2.3402
413,2.3579
414,2.3757
415,2.4171
416,2.4646
417,2.5358
418,2.4567
419,2.5399
420,2.5795
421,2.6466
422,2.7950
423,3.0501
424,2.8365
425,2.8941
426,2.9197
427,2.8682
428,2.8308
429,2.8862
430,2.8564
431,2.8365
432,2.9258
433,2.8682
434,2.9375
435,2.9970
436,3.0087
437,2.9929
438,3.0976
439,3.2619
440,3.4875
441,3.6398
442,3.6714
443,3.7287
444,3.4834
445,3.3312
446,3.2600
447,3.1334
448,3.0027
449,3.0701
450,3.1115
451,3.1650
452,3.1017
453,3.2442
454,3.1631
455,3.2758
456,3.1432
457,3.1077
458,3.1869
459,3.1748
460,3.2540
461,3.5429
462,3.2442
463,3.2916
464,3.0068
465,3.1492
466,3.0938
467,2.9356
468,2.7596
469,3.0622
470,3.1790
471,3.2897
472,3.3727
473,3.5923
474,3.5230
475,3.3628
476,3.5527
477,3.4875
478,3.4815
479,3.2163
480,3.2837
481,3.1729
482,3.1274
483,3.2698
484,3.4182
485,3.6100
486,3.6357
487,3.5645
488,3.5923
489,3.4420
490,3.6654
491,3.7664
492,3.6119
493,3.6357
494,3.5211
495,3.6021
496,3.6794
497,3.6461
498,3.4932
499,3.5844
500,3.6278
501,4.1244
502,3.8613
503,4.0512
504,3.9781
505,3.8889
506,3.8613
507,3.8693
508,3.9800
509,3.8395
510,3.6160
511,3.6794
512,3.8474
513,3.9563
514,3.8930
515,4.2709
516,4.5637
517,4.4725
518,4.3896
519,4.4171
520,4.4035
521,4.3025
522,3.9800
523,4.2984
524,4.2193
525,4.0294
526,4.1266
527,3.9623
528,4.1699
529,3.9563
530,3.7803
531,3.4578
532,3.6021
533,3.5407
534,3.9205
535,4.0155
536,3.8335
537,3.7623
538,3.8139
539,4.0611
540,3.8395
541,4.0117
542,3.9265
543,3.9345
544,3.7306
545,3.6417
546,3.5034
547,3.5803
548,3.4853
549,3.3372
550,3.1432
551,3.2540
552,3.4062
553,3.1967
554,3.3451
555,3.2084
556,3.1888
557,2.9751
558,2.8466
559,2.7159
560,2.7754
561,2.7621
562,2.7336
563,2.7713
564,2.6586
565,2.8207
566,2.9296
567,2.8900
568,2.9394
569,3.0562
570,3.0008
571,3.0305
572,2.8862
573,2.9910
574,2.8625
575,2.9235
576,2.8862
577,3.0581
578,3.2046
579,3.5214
580,3.4024
581,3.2720
582,3.4265
583,3.2758
584,3.4461
585,3.2442
586,3.3157
587,3.3746
588,3.2682
589,3.2796
590,3.4461
591,3.6164
592,3.6043
593,3.7271
594,3.5765
595,3.6518
596,3.6911
597,3.6240
598,3.3353
599,3.4898
600,3.3904
601,3.0821
602,3.1688
603,3.1688
604,3.2916
605,3.0581
606,3.2163
607,3.1214
608,2.9910
609,3.0384
610,2.9992
611,3.0346
612,2.9593
613,3.0068
614,3.0106
615,3.0188
616,2.9789
617,2.9555
618,3.0701
619,3.2562
620,3.1650
621,3.1967
622,3.2720
623,3.4379
624,3.5518
625,3.5961
626,3.6752
627,3.7468
628,3.7664
629,3.8575
630,4.0158
631,3.9525
632,3.6993
633,3.9246
634,3.7271
635,3.6993
636,3.6556
637,3.6714
638,3.5993
639,3.4961
640,3.8398
641,3.7942
642,3.8645
643,3.5885
644,3.3037
645,3.3866
646,3.2562
647,3.0979
648,3.3866
649,1.6300
650,1.5350
651,1.4122
652,1.4952
653,1.3964
654,1.4046
655,1.3768
656,1.3211
657,1.2420
658,1.2660
659,1.3964
660,1.3610
661,1.2736
662,1.2736
663,1.1989
664,1.2344
665,1.2894
666,1.1945
667,1.1711
668,1.1711
669,1.1749
670,1.2223
671,1.2382
672,1.2977
673,1.4122
674,1.4084
675,1.3572
676,1.3489
677,1.2698
678,1.2780
679,1.2065
680,1.2261
681,1.2818
682,1.2578
683,1.2027
684,1.1711
685,1.1989
686,1.1907
687,1.1711
688,1.2223
689,1.1831
690,1.1413
691,1.1116
692,1.0445
693,1.0799
694,1.0565
695,1.0761
696,0.9058
697,0.9058
698,0.9533
699,0.9615
700,0.9736
701,0.9495
702,0.9141
703,0.8900
704,0.9020
705,0.8862
706,0.9103
707,0.8900
708,0.9495
709,0.9299
710,0.9375
711,0.9375
712,0.9419
713,0.9419
714,1.0362
715,1.0799
716,1.0362
717,1.0483
718,1.0881
719,1.0483
720,1.1394
721,1.0881
722,1.0837
723,1.0641
724,1.1831
725,1.2344
726,1.2185
727,1.2977
728,1.2977
729,1.2622
730,1.2382
731,1.3730
732,1.3768
733,1.3686
734,1.3369
735,1.3053
736,1.2780
737,1.3369
738,1.3135
739,1.3135
740,1.2103
741,1.2464
742,1.2103
743,1.2344
744,1.2698
745,1.2027
746,1.1590
747,1.1945
748,1.1907
749,1.1907
750,1.2344
751,1.2261
752,1.1552
753,1.1869
754,1.2185
755,1.2894
756,1.3610
757,1.3451
758,1.3173
759,1.2818
760,1.1787
761,1.2382
762,1.2939
763,1.2464
764,1.2420
765,1.3015
766,1.2464
767,1.2736
768,1.3686
769,1.4559
770,1.3787
771,1.4477
772,1.4034
773,1.4262
774,1.3970
775,1.3667
776,1.2812
777,1.2344
778,1.3211
779,1.3034
780,1.3002
781,1.3951
782,1.3800
783,1.4192
784,1.3572
785,1.2913
786,1.4426
787,1.6281
788,1.5850
789,1.5350
790,1.5211
791,1.5648
792,1.5629
793,1.6585
794,1.6135
795,1.6414
796,1.6832
797,1.5800
798,1.6300
799,1.5800
800,1.5553
801,1.5179
802,1.4559
803,1.4464
804,1.4743
805,1.4673
806,1.5255
807,1.4907
808,1.4895
809,1.4914
810,1.4876
811,1.4705
812,1.4686
813,1.4407
814,1.3591
815,1.2521
816,1.2628
817,1.3224
818,1.3078
819,1.3255
820,1.3122
821,1.3711
822,1.3496
823,1.2685
824,1.2856
825,1.2958
826,1.2584
827,1.2939
828,1.2869
829,1.2780
830,1.3717
831,1.4236
832,1.4091
833,1.5186
834,1.5034
835,1.4774
836,1.4901
837,1.4717
838,1.5129
839,1.5091
840,1.4679
841,1.3945
842,1.4369
843,1.3382
844,1.4268
845,1.5420
846,1.5730
847,1.5167
848,1.5888
849,1.3160
850,1.2635
851,1.2647
852,1.2369
853,1.2084
854,1.1692
855,1.1768
856,1.2002
857,1.1983
858,1.1894
859,1.2065
860,1.2546
861,1.2344
862,1.2109
863,1.2185
864,1.1964
865,1.2059
866,1.2040
867,1.2084
868,1.1856
869,1.1673
870,1.1806
871,1.1438
872,1.1470
873,1.1343
874,1.1527
875,1.1274
876,1.1755
877,1.1976
878,1.1647
879,1.1287
880,1.1287
881,1.1742
882,1.1552
883,1.1742
884,1.1217
885,1.0938
886,1.0995
887,1.0755
888,1.0305
889,1.0774
890,0.9926
891,0.9957
892,1.0413
893,0.9837
894,0.9590
895,0.9818
896,0.9818
897,0.9837
898,0.9527
899,0.9482
900,1.0052
901,1.0217
902,1.0255
903,1.0128
904,1.0647
905,1.1230
906,1.1400
907,1.1388
908,1.1400
909,1.0755
910,1.1394
911,1.1584
912,1.2040
913,1.1483
914,1.1995
915,1.2147
916,1.1818
917,1.1160
918,1.1141
919,1.1116
920,1.1768
921,1.1755
922,1.2071
923,1.2388
924,1.2401
925,1.1844
926,1.1844
927,1.1869
928,1.2261
929,1.2413
930,1.2312
931,1.2008
932,1.2660
933,1.2363
934,1.2458
935,1.2559
936,1.3527
937,1.3293
938,1.2996
939,1.2926
940,1.3483
941,1.3325
942,1.4179
943,1.5040
944,1.4420
945,1.4268
946,1.4268
947,1.3787
948,1.3603
949,1.3293
950,1.2907
951,1.3053
952,1.3299
953,1.3686
954,1.3084
955,1.3293
956,1.3521
957,1.3603
958,1.3970
959,1.4198
960,1.3863
961,1.4749
962,1.4926
963,1.4996
964,1.4496
965,1.4312
966,1.3705
967,1.3439
968,1.3325
969,1.3388
970,1.3736
971,1.3154
972,1.4230
973,1.4034
974,1.3812
975,1.4572
976,1.4692
977,1.4717
978,1.4730
979,1.4603
980,1.5249
981,1.5648
982,1.5452
983,1.6047
984,1.6110
985,1.5616
986,1.5382
987,1.5211
988,1.5813
989,1.5642
990,1.5831
991,1.5572
992,1.5129
993,1.4319
994,1.4641
995,1.3610
996,1.4395
997,1.5072
998,1.4983
999,1.3901
1000,1.3736
1001,1.4844
1002,1.5376
1003,1.4895
1004,1.5236
1005,1.5433
1006,1.5610
1007,1.5863
1008,1.5648
1009,1.5502
1010,1.5464
1011,1.5794
1012,1.5661
1013,1.5730
1014,1.5775
1015,1.5363
1016,1.5249
1017,1.4781
1018,1.4850
1019,1.4857
1020,1.4983
1021,1.5483
1022,1.5236
1023,1.5034
1024,1.5762
1025,1.5661
1026,1.5547
1027,1.5255
1028,1.5610
1029,1.5737
1030,1.5863
1031,1.5825
1032,1.6294
1033,1.6528
1034,1.6085
1035,1.5813
1036,1.5528
1037,1.5350
1038,1.5047
1039,1.5268
1040,1.4565
1041,1.5167
1042,1.5363
1043,1.5179
1044,1.4996
1045,1.4882
1046,1.4338
1047,1.4224
1048,1.5426
1049,1.5312
1050,1.4762
1051,1.5154
1052,1.6211
1053,1.6002
1054,1.5958
1055,1.5831
1056,1.5661
1057,1.4850
1058,1.5395
1059,1.5939
1060,1.5287
1061,1.5179
1062,1.5179
1063,1.5319
1064,1.4749
1065,1.4502
1066,1.4420
1067,1.4382
1068,1.4027
1069,1.3546
1070,1.3597
1071,1.2951
1072,1.2717
1073,1.2369
1074,1.2723
1075,1.3002
1076,1.2755
1077,1.0837
1078,1.0831
1079,1.0666
1080,1.0932
1081,1.0850
1082,1.0476
1083,1.0799
1084,1.1217
1085,1.0799
1086,1.0723
1087,1.1109
1088,1.1863
1089,1.1400
1090,1.1097
1091,1.0964
1092,1.1584
1093,1.1078
1094,1.1540
1095,1.1305
1096,0.9894
1097,0.9489
1098,0.9470
1099,0.9444
1100,0.9160
1101,0.9622
1102,0.9090
1103,0.9077
1104,0.9508
1105,0.9767
1106,0.9660
1107,0.9368
1108,0.9147
1109,0.8856
1110,0.9331
1111,0.9514
1112,0.9685
1113,0.9495
1114,0.9489
1115,0.9236
1116,0.9603
1117,0.9881
1118,1.0008
1119,1.0115
1120,1.0071
1121,1.0204
1122,1.0109
1123,0.9957
1124,0.9831
1125,0.9400
1126,0.9305
1127,0.9305
1128,0.9337
1129,0.8894
1130,0.9166
1131,0.8976
1132,0.9103
1133,0.9096
1134,0.9071
1135,0.9046
1136,0.8951
1137,0.8970
1138,0.9179
1139,0.9368
1140,0.9508
1141,0.9229
1142,0.9413
1143,0.9400
1144,0.9267
1145,0.9451
1146,0.9305
1147,0.9318
1148,0.9179
1149,0.9185
1150,0.8970
1151,0.9052
1152,0.8881
1153,0.8716
1154,0.8666
1155,0.8609
1156,0.8938
1157,0.9185
1158,0.9350
1159,0.9596
1160,0.9217
1161,0.8932
1162,0.9077
1163,0.9217
1164,0.9305
1165,0.9419
1166,0.9299
1167,0.9761
1168,0.9881
1169,0.9774
1170,1.0115
1171,1.0172
1172,1.0356
1173,1.0691
1174,1.0698
1175,1.0900
1176,1.0128
1177,1.0027
1178,0.9596
1179,0.9900
1180,0.9869
1181,1.0318
1182,1.0096
1183,0.9907
1184,0.9666
1185,0.9831
1186,1.0350
1187,1.0134
1188,1.0109
1189,0.9755
1190,0.9951
1191,0.9812
1192,0.9609
1193,0.9596
1194,0.9476
1195,0.9261
1196,0.9463
1197,0.9337
1198,0.9672
1199,0.9805
1200,0.9615
1201,0.9362
1202,0.9400
1203,0.9546
1204,0.9223
1205,0.8989
1206,0.8951
1207,0.9172
1208,0.9090
1209,0.9115
1210,0.8900
1211,0.8906
1212,0.9071
1213,0.9368
1214,0.9432
1215,0.9432
1216,0.9400
1217,0.9210
1218,0.9293
1219,0.9318
1220,0.9261
1221,0.9248
1222,0.9134
1223,0.9255
1224,0.8925
1225,0.8875
1226,0.8786
1227,0.8970
1228,0.8735
1229,0.8944
1230,0.9229
1231,0.9229
1232,0.9065
1233,0.9090
1234,0.9280
1235,0.9242
1236,0.9147
1237,0.9134
1238,0.8957
1239,0.9084
1240,0.9084
1241,0.9109
1242,0.9204
1243,0.9286
1244,0.9666
1245,0.9400
1246,0.9350
1247,0.9495
1248,0.9331
1249,0.9508
1250,0.9179
1251,0.9406
1252,0.9501
1253,0.9274
1254,0.9217
1255,0.9255
1256,0.9217
1257,0.9198
1258,0.9096
1259,0.9008
1260,0.9001
1261,0.9318
1262,0.9356
1263,0.9501
1264,0.9495
1265,0.9463
1266,0.9438
1267,0.9495
1268,0.9096
1269,0.9210
1270,0.9122
1271,0.9172
1272,0.9223
1273,0.8951
1274,0.8963
1275,0.9242
1276,0.9153
1277,0.9122
1278,0.9172
1279,0.9147
1280,0.8982
1281,0.9096
1282,0.8356
1283,0.8596
1284,0.8476
1285,0.8381
1286,0.8305
1287,0.8318
1288,0.8552
1289,0.8596
1290,0.8508
1291,0.8451
1292,0.8773
1293,0.8900
1294,0.9001
1295,0.9090
1296,0.9147
1297,1.0185
1298,1.1078
1299,1.1173
1300,1.1394
1301,1.1584
1302,1.1749
1303,1.1818
1304,1.1742
1305,1.1856
1306,1.1901
1307,1.1457
1308,1.1261
1309,1.1299
1310,1.1546
1311,1.1597
1312,1.1951
1313,1.1571
1314,1.1457
1315,1.1362
1316,1.1046
1317,1.0957
1318,1.1141
1319,1.1166
1320,1.0856
1321,1.0628
1322,1.0875
1323,1.1046
1324,1.1249
1325,1.1027
1326,1.1565
1327,1.1514
1328,1.2103
1329,1.2116
1330,1.2154
1331,1.2065
1332,1.1888
1333,1.2084
1334,1.2211
1335,1.1856
1336,1.2065
1337,1.2084
1338,1.2198
1339,1.2109
1340,1.2578
1341,1.2913
1342,1.2590
1343,1.2394
1344,1.2565
1345,1.2597
1346,1.2413
1347,1.2578
1348,1.3230
1349,1.3204
1350,1.3046
1351,1.3167
1352,1.3160
1353,1.2983
1354,1.3635
1355,1.3287
1356,1.3116
1357,1.2837
1358,1.3344
1359,1.3122
1360,1.3426
1361,1.2901
1362,1.2426
1363,1.2616
1364,1.2432
1365,1.2445
1366,1.2470
1367,1.2774
1368,1.2641
1369,1.2477
1370,1.2875
1371,1.2863
1372,1.3299
1373,1.3724
1374,1.3217
1375,1.3205
1376,1.3325
1377,1.3597
1378,1.4046
1379,1.4312
1380,1.4464
1381,1.4527
1382,1.4452
1383,1.4243
1384,1.4395
1385,1.4160
1386,1.4040
1387,1.4281
1388,1.4622
1389,1.4059
1390,1.4154
1391,1.4002
1392,1.4483
1393,1.4293
1394,1.3977
1395,1.4198
1396,1.3496
1397,1.2932
1398,1.3097
1399,1.3483
1400,1.3116
1401,1.3160
1402,1.3021
1403,1.3730
1404,1.4110
1405,1.4698
1406,1.4597
1407,1.4844
1408,1.4990
1409,1.5414
1410,1.5540
1411,1.5711
1412,1.4717
1413,1.4401
1414,1.4698
1415,1.4673
1416,1.4407
1417,1.4553
1418,1.4306
1419,1.4306
1420,1.5015
1421,1.4996
1422,1.4616
1423,1.4490
1424,1.4654
1425,1.4502
1426,1.4578
1427,1.4635
1428,1.4243
1429,1.3863
1430,1.3635
1431,1.4135
1432,1.4192
1433,1.3584
1434,1.3375
1435,1.2920
1436,1.2926
1437,1.2898
1438,1.2837
1439,1.3388
1440,1.3091
1441,1.3116
1442,1.3236
1443,1.3743
1444,1.3635
1445,1.3312
1446,1.3388
1447,1.3198
1448,1.3325
1449,1.2945
1450,1.2901
1451,1.3426
1452,1.3224
1453,1.2768
1454,1.2736
1455,1.2584
1456,1.2685
1457,1.2470
1458,1.2565
1459,1.2540
1460,1.2920
1461,1.3154
1462,1.3388
1463,1.3470
1464,1.3527
1465,1.3470
1466,1.4034
1467,1.3983
1468,1.4300
1469,1.4787
1470,1.4559
1471,1.5021
1472,1.5268
1473,1.5319
1474,1.4464
1475,1.4382
1476,1.4388
1477,1.4312
1478,1.4040
1479,1.4281
1480,1.4565
1481,1.4603
1482,1.4255
1483,1.4357
1484,1.4281
1485,1.4129
1486,1.4091
1487,1.3793
1488,1.4192
1489,1.4376
1490,1.4348
1491,1.4546
1492,1.5066
1493,1.5021
1494,1.4559
1495,1.4660
1496,1.4724
1497,1.4224
1498,1.4179
1499,1.4046
1500,1.4154
1501,1.4439
1502,1.4584
1503,1.5142
1504,1.5205
1505,1.5072
1506,1.5142
1507,1.5926
1508,1.6927
1509,1.6458
1510,1.7154
1511,1.7522
1512,1.7186
1513,1.7446
1514,1.6743
1515,1.6344
1516,1.6578
1517,1.6249
1518,1.6370
1519,1.6370
1520,1.6009
1521,1.6142
1522,1.7009
1523,1.7116
1524,1.7667
1525,1.7674
1526,1.7116
1527,1.7161
1528,1.7408
1529,1.7927
1530,1.7617
1531,1.7287
1532,1.7427
1533,1.7750
1534,1.7047
1535,1.6863
1536,1.8547
1537,1.8471
1538,1.7946
1539,1.7553
1540,1.7553
1541,1.7585
1542,1.7534
1543,1.7173
1544,1.7053
1545,1.6743
1546,1.6946
1547,1.6319
1548,1.6502
1549,1.6547
1550,1.6870
1551,1.6825
1552,1.6882
1553,1.6635
1554,1.7180
1555,1.7281
1556,1.7211
1557,1.7129
1558,1.6863
1559,1.7129
1560,1.6756
1561,1.6908
1562,1.7161
1563,1.7306
1564,1.7984
1565,1.8047
1566,1.7832
1567,1.7762
1568,1.7762
1569,1.8307
1570,1.7977
1571,1.8218
1572,1.8870
1573,1.9212
1574,1.9117
1575,1.9459
1576,1.9066
1577,1.9427
1578,2.0725
1579,2.0769
1580,2.0832
1581,2.0465
1582,2.0889
1583,2.1332
1584,2.1003
1585,2.1332
1586,2.0566
1587,2.0573
1588,2.0598
1589,2.0446
1590,1.9674
1591,1.9592
1592,1.9237
1593,1.9079
1594,1.9009
1595,1.8446
1596,1.8496
1597,1.8724
1598,2.0845
1599,2.0383
1600,2.0237
1601,2.0383
1602,2.0016
1603,2.0054
1604,1.9433
1605,1.9788
1606,2.0528
1607,2.0427
1608,2.0661
1609,2.0471
1610,1.9990
1611,1.9807
1612,2.0123
1613,1.9870
1614,1.8851
1615,1.9180
1616,1.9952
1617,1.9630
1618,1.9224
1619,1.9522
1620,1.9484
1621,1.9541
1622,2.0092
1623,1.9440
1624,1.9497
1625,1.9674
1626,2.0225
1627,2.0921
1628,2.1940
1629,2.1744
1630,2.1598
1631,2.1832
1632,2.2700
1633,2.2573
1634,2.2301
1635,2.2636
1636,2.3010
1637,2.2598
1638,2.2706
1639,2.2529
1640,2.2465
1641,2.2282
1642,2.3010
1643,2.3510
1644,2.3871
1645,2.4061
1646,2.3371
1647,2.3592
1648,2.3605
1649,2.3757
1650,2.4080
1651,2.4485
1652,2.4529
1653,2.4478
1654,2.4554
1655,2.4921
1656,2.5725
1657,2.5080
1658,2.4725
1659,2.4428
1660,2.4238
1661,2.5162
1662,2.8473
1663,2.8802
1664,3.0226
1665,3.0017
1666,3.0049
1667,3.0346
1668,3.0011
1669,3.0099
1670,3.0365
1671,3.1840
1672,3.3037
1673,3.3170
1674,3.3201
1675,3.3866
1676,3.5012
1677,3.4467
1678,3.4638
1679,3.4423
1680,3.4214
1681,3.4657
1682,3.5005
1683,3.5132
1684,3.4967
1685,3.4774
1686,3.4752
1687,3.5062
1688,3.4923
1689,3.8835
1690,3.8784
1691,4.0544
1692,4.0861
1693,4.3323
1694,4.2443
1695,4.2912
1696,4.1278
1697,3.9677
1698,4.1639
1699,3.9810
1700,4.0057
1701,4.0506
1702,4.1240
1703,4.1088
1704,4.1329
1705,4.1310
1706,4.2156
1707,4.1139
1708,3.9702
1709,4.0316
1710,4.0354
1711,4.0519
1712,3.9981
1713,4.0626
1714,4.0791
1715,4.1019
1716,4.0766
1717,4.0063
1718,4.0474
1719,4.0829
1720,4.0861
1721,4.3836
1722,4.3652
1723,4.0867
1724,4.1437
1725,4.4184
1726,4.4437
1727,4.4722
1728,4.4234
1729,4.4602
1730,4.4621
1731,4.4792
1732,4.5608
1733,4.5735
1734,4.5982
1735,4.6830
1736,4.8678
1737,4.9077
1738,5.0406
1739,4.9254
1740,4.9906
1741,4.9970
1742,5.1210
1743,4.9843
1744,4.9602
1745,5.1406
1746,5.3571
1747,5.5964
1748,5.7053
1749,5.5584
1750,5.4951
1751,5.3989
1752,5.5850
1753,5.6293
1754,5.6331
1755,5.6793
1756,5.6338
1757,5.5858
1758,5.2907
1759,5.4198
1760,5.4122
1761,5.1312
1762,4.9818
1763,5.0425
1764,5.0982
1765,5.1046
1766,5.1856
1767,5.2134
1768,5.3489
1769,5.4388
1770,5.5325
1771,5.4223
1772,5.3869
1773,5.3806
1774,5.3844
1775,5.2856
1776,5.4185
1777,5.2755
1778,5.1767
1779,5.2020
1780,5.3033
1781,5.3590
1782,5.5148
1783,5.5375
1784,5.3071
1785,5.4008
1786,5.1957
1787,4.7172
1788,4.4754
1789,4.5095
1790,4.6956
1791,4.4956
1792,4.7020
1793,4.4943
1794,4.6817
1795,4.5817
1796,4.5513
1797,4.4994
1798,4.5652
1799,4.6121
1800,4.5842
1801,4.7032
1802,4.6437
1803,4.7146
1804,4.6805
1805,4.6108
1806,4.5083
1807,4.3209
1808,4.4019
1809,4.5007
1810,4.4766
1811,4.5374
1812,4.7539
1813,4.7539
1814,5.0337
1815,5.0261
1816,5.0362
1817,5.1577
1818,5.1349
1819,5.0336
1820,5.1020
1821,5.0691
1822,4.8412
1823,4.8007
1824,4.6260
1825,4.6741
1826,4.7665
1827,4.5336
1828,4.5450
1829,4.5576
1830,4.7007
1831,4.8083
1832,4.8501
1833,4.7615
1834,4.7931
1835,4.8805
1836,4.9235
1837,4.7805
1838,4.6969
1839,4.7235
1840,4.6045
1841,4.6602
1842,4.6209
1843,4.8083
1844,4.7336
1845,4.7640
1846,4.8425
1847,4.8235
1848,4.8412
1849,4.8552
1850,5.1590
1851,5.2603
1852,5.2527
1853,5.4679
1854,5.5236
1855,5.4806
1856,5.5705
1857,5.5464
1858,5.5236
1859,5.5692
1860,5.5451
1861,5.3995
1862,5.4122
1863,5.4679
1864,5.4717
1865,5.4071
1866,5.4426
1867,5.3995
1868,5.5477
1869,5.4920
1870,5.5705
1871,5.8363
1872,6.0364
1873,5.8553
1874,5.9693
1875,5.8616
1876,5.8021
1877,5.8072
1878,5.7907
1879,5.7945
1880,5.8313
1881,5.7907
1882,5.8034
1883,5.8958
1884,5.9363
1885,5.8566
1886,5.8515
1887,6.1781
1888,6.1630
1889,6.3022
1890,6.4959
1891,6.5073
1892,6.4339
1893,6.2807
1894,6.3136
1895,6.4833
1896,6.6643
1897,6.7339
1898,6.5972
1899,6.5706
1900,6.7352
1901,6.8162
1902,6.7656
1903,6.4668
1904,6.6263
1905,6.7871
1906,6.8922
1907,6.8048
1908,6.6820
1909,6.5453
1910,6.4946
1911,6.3769
1912,6.5314
1913,6.2351
1914,6.8036
1915,6.8365
1916,6.7656
1917,6.6099
1918,6.9555
1919,7.1074
1920,7.0466
1921,7.1897
1922,7.1023
1923,7.2201
1924,7.0150
1925,6.8960
1926,7.2910
1927,7.2796
1928,7.5897
1929,7.8303
1930,7.7417
1931,7.6252
1932,7.5834
1933,7.6100
1934,7.7455
1935,7.7910
1936,7.7797
1937,7.8847
1938,8.2228
1939,8.1683
1940,8.1734
1941,8.2240
1942,8.4215
1943,8.4962
1944,8.7785
1945,8.8190
1946,8.6215
1947,8.5861
1948,9.0647
1949,9.1951
1950,9.0925
1951,9.3748
1952,9.3622
1953,9.3786
1954,9.4103
1955,9.4837
1956,9.4926
1957,9.1166
1958,9.1381
1959,9.0026
1960,9.0368
1961,9.1292
1962,9.3052
1963,9.3710
1964,9.2862
1965,9.3976
1966,9.3141
1967,9.0457
1968,9.1014
1969,9.4634
1970,9.4913
1971,9.4166
1972,9.6597
1973,9.6280
1974,10.2370
1975,10.6218
1976,10.6714
1977,10.8358
1978,10.7244
1979,10.4434
1980,10.0059
1981,9.6330
1982,9.8331
1983,9.6268
1984,9.3938
1985,9.1571
1986,9.1191
1987,9.4951
1988,9.5597
1989,9.5483
1990,9.1280
1991,9.0959
1992,8.5203
1993,8.5582
1994,8.7114
1995,8.2228
1996,8.5215
1997,8.1924
1998,8.5639
1999,8.7633
2000,8.9343
2001,8.8988
2002,8.7456
2003,9.0292
2004,9.0836
2005,9.0469
2006,8.9874
2007,8.6709
2008,8.7482
2009,8.8127
2010,8.5734
2011,8.2899
2012,8.3949
2013,8.3126
2014,8.0936
2015,7.9999
2016,8.3152
2017,8.5228
2018,8.3848
2019,8.1417
2020,8.1860
2021,8.1012
2022,7.8252
2023,7.8075
2024,7.6163
2025,7.5910
2026,7.5340
2027,7.4328
2028,7.8911
2029,7.9442
2030,7.9404
2031,7.9316
2032,7.7442
2033,8.5089
2034,9.0191
2035,8.8355
2036,8.6937
2037,8.6076
2038,8.4456
2039,8.4151
2040,8.2052
2041,8.3835
2042,8.3114
2043,8.5620
2044,8.4874
2045,8.3240
2046,8.3772
2047,8.6279
2048,8.7811
2049,8.9115
2050,8.8115
2051,9.0672
2052,9.0064
2053,9.0052
2054,9.1014
2055,9.1014
2056,8.9925
2057,8.9381
2058,8.6279
2059,8.5709
2060,8.5823
2061,8.2266
2062,8.2620
2063,7.9987
2064,8.1671
2065,8.0240
2066,7.9949
2067,8.0189
2068,8.1443
2069,8.0454
2070,7.7505
2071,7.5670
2072,7.8708
2073,7.8062
2074,7.5961
2075,7.5610
2076,7.4144
2077,7.6923
2078,7.5353
2079,7.2163
2080,7.3847
2081,7.2935
2082,7.5176
2083,7.2872
2084,7.2416
2085,7.2758
2086,7.3252
2087,7.5429
2088,7.4480
2089,7.4682
2090,7.2707
2091,7.0922
2092,7.4657
2093,7.2505
2094,7.3365
2095,7.2165
2096,7.0606
2097,7.0137
2098,6.9631
2099,7.0454
2100,6.7048
2101,6.6149
2102,6.4149
2103,6.6301
2104,6.6972
2105,6.8491
2106,7.6594
2107,7.6872
2108,7.7759
2109,7.8402
2110,8.0860
2111,8.0265
2112,8.3038
2113,8.6038
2114,8.5051
2115,8.6291
2116,8.8102
2117,8.6469
2118,8.5089
2119,8.2012
2120,8.0506
2121,8.1113
2122,8.0582
2123,8.0949
2124,8.4127
2125,8.6064
2126,8.5570
2127,8.5975
2128,8.4266
2129,8.5608
2130,8.5215
2131,8.5848
2132,8.7038
2133,8.4798
2134,8.4165
2135,8.4772
2136,8.5899
2137,8.6570
2138,9.0495
2139,8.8659
2140,9.2166
2141,9.1811
2142,9.1786
2143,9.1951
2144,9.3938
2145,9.3900
2146,9.3812
2147,9.3546
2148,9.3394
2149,9.5280
2150,9.4508
2151,9.2419
2152,9.5900
2153,9.8255
2154,9.6736
2155,9.7496
2156,9.7458
2157,9.4774
2158,9.3774
2159,9.5432
2160,9.4736
2161,9.3963
2162,9.4483
2163,9.3444
2164,9.2710
2165,9.5280
2166,9.4976
2167,9.5457
2168,9.4052
2169,9.4356
2170,10.0002
2171,10.1218
2172,10.3129
2173,10.2610
2174,10.3408
2175,10.4054
2176,10.1800
2177,10.1813
2178,10.2648
2179,10.0218
2180,9.9990
2181,9.9116
2182,10.0914
2183,10.1927
2184,10.4383
2185,10.5510
2186,10.5231
2187,10.6788
2188,10.7611
2189,10.6408
2190,10.8383
2191,10.8687
2192,10.9472
2193,11.2169
2194,11.4334
2195,11.6005
2196,11.3359
2197,11.6233
2198,11.6220
2199,11.6043
2200,11.5612
2201,11.5359
2202,11.5549
2203,11.3726
2204,11.0194
2205,11.1738
2206,11.2359
2207,10.9054
2208,11.2738
2209,11.2105
2210,11.1055
2211,10.8206
2212,10.9270
2213,10.7307
2214,10.4952
2215,10.4066
2216,10.3193
2217,10.3205
2218,10.2382
2219,10.7409
2220,10.6092
2221,10.8447
2222,10.7674
2223,10.8206
2224,11.7195
2225,12.2803
2226,12.1284
2227,11.9790
2228,12.2930
2229,12.0208
2230,11.2764
2231,11.2042
2232,10.9877
2233,10.8497
2234,10.9763
2235,10.9194
2236,10.8092
2237,10.8801
2238,10.8307
2239,10.8535
2240,10.7282
2241,10.7295
2242,10.6269
2243,10.6535
2244,10.9067
2245,10.9105
2246,10.5421
2247,10.7459
2248,10.7231
2249,10.7991
2250,10.7877
2251,10.7396
2252,10.8751
2253,11.2928
2254,11.3321
2255,11.2764
2256,11.2232
2257,10.6256
2258,10.7117
2259,11.0219
2260,10.8130
2261,10.9282
2262,11.1650
2263,11.1055
2264,11.1409
2265,11.1371
2266,11.3777
2267,11.1916
2268,11.3941
2269,11.3397
2270,11.3422
2271,11.5372
2272,11.5815
2273,11.8841
2274,11.8955
2275,11.8398
2276,12.1347
2277,12.0854
2278,11.8043
2279,11.8689
2280,11.7625
2281,11.8562
2282,11.9638
2283,11.9347
2284,11.9866
2285,11.8562
2286,11.9322
2287,11.7220
2288,11.6714
2289,11.4245
2290,11.5752
2291,11.4384
2292,11.4448
2293,11.4283
2294,11.5169
2295,11.8385
2296,11.8043
2297,12.0712
2298,12.5133
2299,12.6500
2300,12.6348
2301,12.5930
2302,12.7095
2303,12.7108
2304,12.7627
2305,13.1564
2306,13.3007
2307,13.5311
2308,13.5894
2309,13.7666
2310,13.8451
2311,13.6122
2312,13.5894
2313,13.8552
2314,13.9287
2315,14.1768
2316,14.3743
2317,14.2920
2318,14.0135
2319,14.3844
2320,14.4769
2321,15.0364
2322,15.3429
2323,14.9896
2324,15.3605
2325,15.5302
2326,15.6530
2327,15.7073
2328,15.7606
2329,15.2162
2330,15.2403
2331,14.8757
2332,15.0339
2333,15.2555
2334,15.8366
2335,15.6555
2336,15.3884
2337,15.6859
2338,15.5720
2339,15.4884
2340,15.1478
2341,15.4314
2342,15.2631
2343,15.4504
2344,15.3517
2345,16.0999
2346,16.8063
2347,16.7494
2348,16.5000
2349,16.7557
2350,16.7607
2351,16.9734
2352,17.4368
2353,17.4836
2354,17.5862
2355,17.4862
2356,17.7242
2357,18.1989
2358,18.1926
2359,17.0772
2360,17.3773
2361,18.4838
2362,18.2116
2363,17.9052
2364,16.6810
2365,17.0912
2366,17.2798
2367,16.6924
2368,17.1228
2369,17.0950
2370,16.9658
2371,16.0011
2372,15.8252
2373,16.1784
2374,15.7024
2375,15.1795
2376,14.8187
2377,15.4530
2378,15.4732
2379,16.1505
2380,16.7759
2381,16.5936
2382,17.1292
2383,16.7430
2384,16.0556
2385,16.9747
2386,17.2494
2387,17.5317
2388,18.2508
2389,17.3140
2390,17.0924
2391,16.6823
2392,17.3077
2393,17.1532
2394,17.3254
2395,17.3697
2396,17.5735
2397,17.5229
2398,17.8407
2399,17.8217
2400,17.7634
2401,18.2496
2402,18.7724
2403,19.3928
2404,19.3409
2405,19.5599
2406,19.4295
2407,19.7927
2408,20.0600
2409,19.9929
2410,19.7802
2411,20.4398
2412,21.2576
2413,21.2513
2414,21.1158
2415,20.5385
2416,21.1745
2417,21.1399
2418,21.4690
2419,21.8704
2420,21.9653
2421,21.5754
2422,22.0742
2423,23.5681
2424,23.5390
2425,23.1402
2426,23.3833
2427,23.4326
2428,23.6744
2429,24.0479
2430,23.7301
2431,23.7846
2432,23.5706
2433,24.2809
2434,23.5858
2435,22.2143
2436,20.9361
2437,19.4662
2438,21.5172
2439,21.0297
2440,20.8006
2441,21.0652
2442,20.7563
2443,21.3766
2444,21.3273
2445,21.7172
2446,21.8440
2447,22.1312
2448,22.8161
2449,23.3314
2450,23.0693
2451,22.6439
2452,22.7642
2453,23.4845
2454,24.0483
2455,24.5986
2456,24.5872
2457,23.8695
2458,24.1631
2459,24.2859
2460,24.1036
2461,23.3453
2462,23.1655
2463,23.1832
2464,23.7010
2465,24.5493
2466,25.1683
2467,25.1873
2468,25.1392
2469,25.2987
2470,25.0772
2471,24.6670
2472,24.6784
2473,22.7946
2474,22.4895
2475,21.6805
2476,22.7123
2477,22.5376
2478,21.8628
2479,22.6338
2480,21.4007
2481,20.2106
2482,20.3689
2483,20.4284
2484,19.7042
2485,17.6067
2486,17.1671
2487,16.4594
2488,16.4594
2489,16.6531
2490,16.7342
2491,17.1368
2492,16.9329
2493,16.6671
2494,16.3771
2495,15.4454
2496,15.3491
2497,15.8859
2498,16.3885
2499,15.8074
2500,16.3822
2501,16.1366
2502,15.7783
2503,15.4681
2504,15.6758
2505,15.3871
2506,15.1238
2507,15.1592
2508,15.0845
2509,15.5669
2510,16.4468
2511,15.8277
2512,15.4112
2513,15.7771
2514,15.7606
2515,15.3099
2516,15.4770
2517,15.1529
2518,16.1227
2519,15.9556
2520,16.1974
2521,16.0290
2522,16.0442
2523,16.8152
2524,16.4164
2525,16.8722
2526,17.6647
2527,17.8483
2528,18.3648
2529,17.7558
2530,18.1053
2531,18.1673
2532,18.9307
2533,18.6724
2534,19.1940
2535,19.3801
2536,19.7359
2537,19.3497
2538,19.1725
2539,19.5662
2540,18.6281
2541,18.7091
2542,18.7851
2543,19.4586
2544,19.5586
2545,20.3879
2546,21.2893
2547,20.2815
2548,20.6221
2549,21.3880
2550,21.4880
2551,21.8058
2552,22.1616
2553,22.0223
2554,22.7882
2555,22.9072
2556,23.3871
2557,23.6314
2558,23.1161
2559,23.4288
2560,23.2250
2561,23.8213
2562,24.0492
2563,23.5808
2564,24.0201
2565,23.7529
2566,23.2440
2567,23.5352
2568,22.5591
2569,22.4148
2570,22.9364
2571,23.6023
2572,23.6757
2573,23.6352
2574,23.8960
2575,23.5605
2576,23.4681
2577,23.4453
2578,23.9821
2579,23.5023
2580,22.9921
2581,23.5023
2582,22.8908
2583,21.9349
2584,21.8223
2585,22.3882
2586,22.9693
2587,22.6300
2588,22.9022
2589,22.1894
2590,21.9223
2591,21.9337
2592,22.4578
2593,21.3019
2594,21.5336
2595,21.1981
2596,22.1147
2597,21.2918
2598,21.5374
2599,22.1755
2600,22.7313
2601,22.0603
2602,22.3616
2603,21.8489
2604,22.0134
2605,21.4766
2606,21.8780
2607,21.7514
2608,20.9082
2609,21.0525
2610,20.5119
2611,21.0487
2612,20.1334
2613,20.5246
2614,19.5472
2615,19.8865
2616,20.2410
2617,20.1233
2618,19.8334
2619,19.3991
2620,20.3372
2621,20.7867
2622,20.7082
2623,21.4653
2624,21.9729
2625,22.3742
2626,22.6996
2627,22.7021
2628,22.2489
2629,22.2046
2630,21.9691
2631,22.2616
2632,22.0653
2633,22.3818
2634,21.8451
2635,21.9831
2636,22.1134
2637,21.9957
2638,21.4627
2639,21.0399
2640,21.1374
2641,20.4107
2642,20.2790
2643,19.9929
2644,19.2029
2645,19.1940
2646,19.3257
2647,18.8560
2648,17.7698
2649,17.7090
2650,16.1834
2651,16.9760
2652,17.8394
2653,16.5911
2654,16.0581
2655,16.2949
2656,16.7025
2657,16.2354
2658,13.3261
2659,14.3895
2660,13.8147
2661,12.6728
2662,12.2892
2663,12.4247
2664,11.2878
2665,11.3675
2666,11.2346
2667,12.2550
2668,13.9591
2669,13.1767
2670,12.4006
2671,12.8994
2672,12.3310
2673,12.4626
2674,11.5828
2675,12.2639
2676,12.4360
2677,12.2018
2678,11.6587
2679,12.6487
2680,13.2362
2681,14.0578
2682,13.6210
2683,13.5413
2684,14.0515
2685,13.0779
2686,12.5462
2687,12.4373
2688,12.1385
2689,11.9980
2690,11.4093
2691,12.2094
2692,11.4245
2693,11.1586
2694,11.3827
2695,10.9244
2696,10.1901
2697,10.4547
2698,11.7676
2699,11.4954
2700,12.0271
2701,11.7321
2702,11.2587
2703,11.7068
2704,12.1411
2705,11.5726
2706,11.9005
2707,12.6247
2708,12.6677
2709,12.4335
2710,12.0271
2711,12.4411
2712,11.9955
2713,12.0816
2714,11.2878
2715,11.3220
2716,11.3941
2717,10.8548
2718,10.9358
2719,10.7662
2720,10.8637
2721,10.9649
2722,10.9244
2723,10.8054
2724,11.4891
2725,11.9740
2726,11.7765
2727,11.5220
2728,11.7359
2729,11.4675
2730,11.2245
2731,11.1042
2732,10.8029
2733,10.5560
2734,10.4231
2735,9.9002
2736,10.4864
2737,11.1865
2738,11.1865
2739,11.3485
2740,11.4865
2741,11.9258
2742,11.7739
2743,11.4106
2744,11.5853
2745,11.7714
2746,11.8436
2747,12.2120
2748,12.6247
2749,12.9779
2750,12.3854
2751,12.2575
2752,12.5677
2753,12.5538
2754,11.9676
2755,11.9474
2756,11.4751
2757,11.5460
2758,11.0080
2759,11.4258
2760,11.5410
2761,11.2916
2762,11.3068
2763,11.1333
2764,11.1878
2765,11.5422
2766,11.2473
2767,10.7991
2768,10.5218
2769,11.2204
2770,11.7334
2771,12.1980
2772,12.1449
2773,12.0803
2774,12.6171
2775,12.8526
2776,12.8652
2777,12.8614
2778,13.6299
2779,13.5248
2780,13.4818
2781,13.9097
2782,13.5273
2783,13.2286
2784,13.3083
2785,13.7603
2786,14.2692
2787,14.6845
2788,14.9959
2789,14.5592
2790,14.7263
2791,15.1377
2792,15.2200
2793,14.9782
2794,14.8934
2795,15.3757
2796,15.6251
2797,15.2555
2798,15.4150
2799,15.3833
2800,15.8758
2801,15.6859
2802,15.7910
2803,15.6862
2804,15.8429
2805,15.9302
2806,16.1088
2807,16.7202
2808,16.8013
2809,16.7747
2810,16.3392
2811,16.3556
2812,16.4037
2813,15.7517
2814,15.1276
2815,15.5656
2816,15.4985
2817,16.0341
2818,16.1353
2819,15.9353
2820,15.7214
2821,15.5087
2822,16.5569
2823,16.8443
2824,17.1000
2825,17.1937
2826,17.6419
2827,17.6596
2828,17.8445
2829,18.1977
2830,18.3154
2831,18.2116
2832,18.0685
2833,17.7558
2834,17.7179
2835,17.3406
2836,17.2292
2837,17.2621
2838,17.1646
2839,17.2026
2840,17.6583
2841,17.3912
2842,16.9658
2843,17.2456
2844,17.7065
2845,18.0331
2846,17.9736
2847,18.0318
2848,18.0825
2849,17.7267
2850,17.5482
2851,17.1418
2852,17.3722
2853,17.2634
2854,17.5368
2855,18.0204
2856,18.0116
2857,18.5952
2858,18.6762
2859,19.2117
2860,19.3585
2861,19.1814
2862,19.8435
2863,19.9802
2864,20.2544
2865,20.2689
2866,20.2562
2867,20.2600
2868,20.6094
2869,20.6854
2870,21.0703
2871,20.9588
2872,20.9031
2873,20.7512
2874,20.9538
2875,20.8538
2876,20.6145
2877,20.9285
2878,21.3222
2879,21.1146
2880,20.2043
2881,20.7626
2882,20.8386
2883,21.0576
2884,21.4235
2885,21.4032
2886,21.4463
2887,21.1943
2888,21.4526
2889,21.5286
2890,21.2956
2891,20.9269
2892,20.9120
2893,21.0854
2894,21.5615
2895,21.8932
2896,21.6665
2897,21.8463
2898,21.7957
2899,21.9932
2900,22.1755
2901,23.0250
2902,23.3643
2903,23.4238
2904,23.2972
2905,23.3554
2906,23.4845
2907,23.2719
2908,23.0883
2909,23.5671
2910,23.4693
2911,23.4656
2912,22.8971
2913,23.4086
2914,23.5509
2915,24.0555
2916,24.0859
2917,23.9618
2918,24.1138
2919,24.1568
2920,24.0568
2921,24.2176
2922,24.1251
2923,23.8074
2924,24.0365
2925,25.1633
2926,25.9431
2927,25.9786
2928,25.8191
2929,25.6342
2930,24.9873
2931,24.3581
2932,24.8582
2933,23.8643
2934,23.9669
2935,23.8960
2936,24.1568
2937,24.5645
2938,24.6037
2939,25.5051
2940,25.6975
2941,25.7317
2942,25.5722
2943,25.8836
2944,26.1596
2945,26.2065
2946,26.0748
2947,25.3848
2948,25.3101
2949,26.0647
2950,25.8824
2951,25.8507
2952,25.3950
2953,25.3089
2954,24.9367
2955,24.8430
2956,24.8746
2957,24.4746
2958,23.9213
2959,24.0378
2960,25.0417
2961,24.8683
2962,24.6455
2963,24.9379
2964,24.5822
2965,24.6911
2966,24.2897
2967,24.7417
2968,25.0962
2969,25.3658
2970,25.5861
2971,26.4647
2972,26.7901
2973,26.4723
2974,26.7939
2975,26.6789
2976,27.0939
2977,27.1408
2978,26.7091
2979,26.6597
2980,26.8369
2981,26.6002
2982,26.2976
2983,26.6686
2984,26.5141
2985,26.0710
2986,27.2243
2987,26.8047
2988,26.3422
2989,25.0354
2990,25.7096
2991,26.0723
2992,26.3184
2993,25.2304
2994,24.3154
2995,24.6531
2996,24.7961
2997,25.2228
2998,24.3138
2999,24.7455
3000,24.5758
3001,24.8379
3002,24.7019
3003,25.1519
3004,25.3684
3005,25.7507
3006,25.6431
3007,25.6909
3008,25.5317
3009,25.3729
3010,24.9479
3011,25.4033
3012,25.5735
3013,25.9052
3014,26.4584
3015,26.4407
3016,26.5015
3017,26.6762
3018,27.7194
3019,27.7358
3020,28.2346
3021,28.4650
3022,28.5486
3023,28.6879
3024,28.3384
3025,28.4157
3026,28.3739
3027,28.4410
3028,28.1371
3029,28.4536
3030,28.9107
3031,29.0385
3032,28.6942
3033,29.2322
3034,29.4209
3035,29.8583
3036,29.7513
3037,29.8741
3038,30.1931
3039,30.3261
3040,30.4603
3041,30.3780
3042,30.6109
3043,30.6742
3044,30.6920
3045,31.1047
3046,31.5136
3047,31.3212
3048,31.2794
3049,30.9654
3050,32.8176
3051,33.7354
3052,34.2874
3053,34.1191
3054,33.1746
3055,33.1189
3056,34.0102
3057,33.0543
3058,33.7203
3059,32.7492
3060,32.4080
3061,31.1756
3062,29.8602
3063,32.1555
3064,32.4758
3065,33.1809
3066,32.7087
3067,32.1339
3068,32.1846
3069,31.9491
3070,31.4402
3071,30.1007
3072,30.6780
3073,31.2401
3074,31.0452
3075,30.9045
3076,32.0744
3077,32.5213
3078,33.0214
3079,33.4164
3080,33.3113
3081,32.4055
3082,31.7693
3083,31.5655
3084,30.7894
3085,31.7149
3086,32.0947
3087,32.1922
3088,32.8771
3089,33.8342
3090,34.4191
3091,34.6981
3092,34.2039
3093,34.6698
3094,34.3052
3095,34.0558
3096,33.7646
3097,33.9671
3098,32.4315
3099,31.8440
3100,31.4579
3101,31.2629
3102,31.4769
3103,32.7473
3104,32.6745
3105,32.8682
3106,32.5726
3107,31.8780
3108,31.9956
3109,31.8339
3110,31.6377
3111,31.0907
3112,31.8896
3113,32.1871
3114,32.7928
3115,32.9087
3116,32.8252
3117,33.4329
3118,33.0379
3119,32.6771
3120,32.5682
3121,33.1506
3122,33.1607
3123,33.2936
3124,33.1316
3125,32.9279
3126,33.1379
3127,32.8416
3128,31.6744
3129,31.8769
3130,31.5364
3131,31.3515
3132,31.8997
3133,32.0390
3134,31.6351
3135,31.6047
3136,31.1186
3137,30.3755
3138,30.7502
3139,30.4198
3140,30.5894
3141,30.7008
3142,30.7768
3143,31.6921
3144,31.9251
3145,32.7606
3146,32.6391
3147,33.2860
3148,33.3050
3149,33.3480
3150,33.8076
3151,33.9367
3152,34.2102
3153,35.0141
3154,34.8622
3155,35.8573
3156,35.9257
3157,36.4295
3158,36.5776
3159,37.0081
3160,36.8617
3161,36.3169
3162,36.3814
3163,35.9231
3164,35.7674
3165,35.2762
3166,36.5802
3167,36.6118
3168,36.6156
3169,37.2296
3170,37.3930
3171,37.7956
3172,37.9981
3173,38.2728
3174,39.8465
3175,40.2592
3176,39.1818
3177,39.3135
3178,39.1856
3179,38.9261
3180,39.0995
3181,38.9995
3182,38.9717
3183,38.6438
3184,38.1045
3185,38.5096
3186,39.1654
3187,39.6009
3188,40.2934
3189,40.1491
3190,40.3377
3191,40.0161
3192,40.2630
3193,40.0889
3194,38.9970
3195,38.8710
3196,38.1817
3197,38.0437
3198,39.0476
3199,38.8324
3200,39.6718
3201,39.0856
3202,39.8535
3203,39.8794
3204,40.1162
3205,39.3920
3206,40.0567
3207,40.2782
3208,40.1883
3209,40.5314
3210,40.2858
3211,40.6403
3212,40.4817
3213,40.5833
3214,40.7238
3215,40.5491
3216,40.5580
3217,40.6707
3218,40.5896
3219,40.7922
3220,41.0448
3221,41.1657
3222,40.9682
3223,41.1049
3224,41.2049
3225,41.1821
3226,40.9758
3227,40.8365
3228,41.7240
3229,41.9417
3230,42.2848
3231,42.2507
3232,42.5532
3233,43.3552
3234,43.2521
3235,43.6040
3236,43.7635
3237,44.1180
3238,43.1267
3239,42.8976
3240,42.1177
3241,41.3632
3242,42.7216
3243,43.2217
3244,43.5319
3245,43.4508
3246,42.5507
3247,42.9584
3248,43.6812
3249,43.5914
3250,43.4800
3251,43.8674
3252,44.5485
3253,44.9688
3254,45.3435
3255,44.8852
3256,45.1777
3257,45.4727
3258,45.5638
3259,45.9727
3260,45.3612
3261,44.3814
3262,42.8685
3263,43.3761
3264,43.4091
3265,44.0775
3266,44.7168
3267,44.2231
3268,44.5789
3269,45.5208
3270,45.5765
3271,44.9890
3272,45.0397
3273,44.6232
3274,43.8889
3275,44.5624
3276,44.7612
3277,43.7319
3278,41.7797
3279,42.3659
3280,41.8633
3281,42.9558
3282,43.1964
3283,42.9419
3284,43.6737
3285,44.5054
3286,44.3662
3287,44.4320
3288,44.1370
3289,44.1215
3290,43.6217
3291,43.1951
3292,42.9039
3293,42.7963
3294,42.8014
3295,42.4190
3296,41.8797
3297,42.0823
3298,42.5545
3299,42.0848
3300,41.4569
3301,42.0126
3302,42.7735
3303,43.3496
3304,44.3986
3305,44.6914
3306,44.3636
3307,44.3294
3308,43.8990
3309,44.3269
3310,43.8395
3311,44.0826
3312,44.2560
3313,43.8990
3314,43.8876
3315,44.0066
3316,44.2408
3317,43.9598
3318,43.8762
3319,43.1077
3320,42.1962
3321,42.5558
3322,43.0280
3323,43.1115
3324,42.4393
3325,42.3355
3326,42.0557
3327,42.6368
3328,42.4114
3329,42.7165
3330,44.0357
3331,43.7420
3332,43.8170
3333,43.4800
3334,42.7963
3335,42.0367
3336,42.0620
3337,41.9671
3338,41.2594
3339,41.3480
3340,42.0873
3341,41.3670
3342,41.1657
3343,40.5453
3344,39.9199
3345,41.1834
3346,40.8428
3347,41.9342
3348,41.3163
3349,42.0367
3350,42.4444
3351,42.2899
3352,42.4963
3353,43.4572
3354,44.2383
3355,44.5333
3356,45.2220
3357,45.5398
3358,44.8169
3359,44.7852
3360,45.3258
3361,45.2941
3362,46.1993
3363,47.3236
3364,47.7097
3365,48.9820
3366,49.0314
3367,49.7923
3368,50.4506
3369,51.0722
3370,49.7024
3371,49.6049
3372,49.4353
3373,50.2291
3374,49.2365
3375,49.6999
3376,47.7755
3377,47.3008
3378,44.7168
3379,47.3502
3380,46.0436
3381,47.3109
3382,47.7274
3383,48.5402
3384,48.1693
3385,48.1642
3386,46.3424
3387,45.0739
3388,45.1258
3389,47.2982
3390,47.6249
3391,47.3134
3392,48.5617
3393,49.3707
3394,49.3732
3395,48.7200
3396,48.2389
3397,47.3552
3398,48.0756
3399,48.6060
3400,48.6326
3401,47.7895
3402,48.1009
3403,48.6934
3404,49.2859
3405,49.7492
3406,50.7038
3407,52.1129
3408,52.3433
3409,52.1775
3410,50.8709
3411,51.1849
3412,51.0418
3413,50.5468
3414,50.2620
3415,49.4467
3416,48.2756
3417,47.4248
3418,47.1590
3419,47.8869
3420,47.7755
3421,46.8172
3422,49.2239
3423,50.6772
3424,50.9178
3425,51.7078
3426,53.4258
3427,53.1713
3428,53.4561
3429,50.4658
3430,50.0468
3431,49.7379
3432,51.3710
3433,50.3582
3434,50.7165
3435,51.2343
3436,51.2672
3437,51.2457
3438,50.1987
3439,50.3126
3440,51.0292
3441,50.6709
3442,50.6063
3443,51.4292
3444,50.0430
3445,48.7694
3446,48.6934
3447,48.0148
3448,49.2264
3449,48.7124
3450,47.7806
3451,47.4679
3452,46.7171
3453,47.6667
3454,46.4614
3455,46.0284
3456,47.6173
3457,47.2476
3458,48.3870
3459,49.1124
3460,49.3365
3461,49.7556
3462,49.4948
3463,49.2593
3464,49.4581
3465,49.8328
3466,49.6075
3467,49.2239
3468,48.1326
3469,47.9743
3470,48.2376
3471,48.3883
3472,50.1278
3473,50.1905
3474,50.4570
3475,51.0621
3476,51.4672
3477,50.9747
3478,51.2887
3479,51.2735
3480,52.0623
3481,52.3420
3482,52.9231
3483,53.4764
3484,53.3916
3485,53.5827
3486,53.4954
3487,53.3485
3488,53.1485
3489,53.7676
3490,54.3259
3491,54.1537
3492,53.2105
3493,54.1105
3494,53.2245
3495,56.5477
3496,56.2907
3497,56.6262
3498,57.3517
3499,57.7910
3500,57.7542
3501,57.6188
3502,58.1961
3503,58.7392
3504,59.3545
3505,60.3483
3506,62.4360
3507,62.4676
3508,63.6298
3509,64.4983
3510,63.0057
3511,63.5804
3512,63.5690
3513,65.1807
3514,64.9515
3515,65.3756
3516,66.1378
3517,66.5619
3518,67.7836
3519,68.6736
3520,68.9306
3521,69.0205
3522,67.4988
3523,67.1316
3524,67.1860
3525,68.6166
3526,69.0192
3527,69.8839
3528,71.9222
3529,74.6416
3530,74.1327
3531,74.1339
3532,76.1000
3533,76.7153
3534,76.2773
3535,75.8772
3536,75.4607
3537,76.8445
3538,77.7940
3539,78.1915
3540,77.2091
3541,75.9038
3542,78.3194
3543,79.6727
3544,79.0385
3545,80.2247
3546,80.5475
3547,79.5613
3548,79.2777
3549,78.8435
3550,76.6229
3551,73.4452
3552,77.1888
3553,77.0166
3554,74.3707
3555,72.5400
3556,72.3780
3557,70.9322
3558,77.2268
3559,76.9356
3560,76.3406
3561,73.9326
3562,73.6984
3563,74.1858
3564,73.6592
3565,71.5614
3566,72.0969
3567,71.9323
3568,72.0589
3569,72.2286
3570,71.7462
3571,70.6714
3572,70.0320
3573,69.1338
3574,67.1139
3575,67.1468
3576,71.0588
3577,70.5131
3578,72.2336
3579,71.5702
3580,71.1866
3581,72.4501
3582,73.3237
3583,73.1414
3584,71.0221
3585,71.4399
3586,71.2550
3587,72.3476
3588,72.3805
3589,73.4693
3590,72.3109
3591,72.9426
3592,72.4362
3593,72.3564
3594,72.6856
3595,74.1605
3596,74.3669
3597,74.1556
3598,73.1338
3599,73.6946
3600,72.2596
3601,72.4191
3602,72.7324
3603,72.0425
3604,73.9352
3605,75.0138
3606,75.8861
3607,77.2192
3608,76.7052
3609,77.7193
3610,77.0002
3611,76.5216
3612,75.8215
3613,76.5900
3614,76.8356
3615,76.8394
3616,76.7533
3617,77.7737
3618,76.5052
3619,76.4457
3620,76.0773
3621,72.7920
3622,72.7806
3623,74.0820
3624,75.3316
3625,77.3230
3626,76.8229
3627,76.9470
3628,77.9484
3629,78.8156
3630,78.6085
3631,78.4751
3632,78.9207
3633,79.0440
3634,80.0993
3635,80.3142
3636,80.2049
3637,80.9054
3638,82.4019
3639,84.5684
3640,83.4129
3641,85.0413
3642,84.2480
3643,84.3232
3644,85.9072
3645,85.7953
3646,85.6257
3647,84.4054
3648,84.5798
3649,85.8169
3650,85.2142
3651,85.9822
3652,86.5124
3653,84.2619
3654,83.9886
3655,85.1583
3656,86.8353
3657,87.8906
3658,88.9714
3659,89.2421
3660,89.2662
3661,88.8340
3662,89.0113
3663,87.8283
3664,85.6351
3665,84.5722
3666,86.6242
3667,84.8169
3668,83.8360
3669,84.0801
3670,85.3694
3671,84.7781
3672,82.9715
3673,81.1381
3674,80.8431
3675,81.4864
3676,79.8578
3677,80.0630
3678,80.7045
3679,82.6158
3680,81.9573
3681,80.4350
3682,77.5361
3683,80.6117
3684,77.9831
3685,78.4249
3686,77.4978
3687,76.7936
3688,75.6900
3689,75.8451
3690,73.3354
3691,74.3298
3692,74.1045
3693,71.2823
3694,68.6952
3695,69.8845
3696,69.3441
3697,69.3528
3698,68.5841
3699,67.1456
3700,67.4085
3701,72.2695
3702,71.6542
3703,71.7547
3704,73.0066
3705,75.3099
3706,74.7031
3707,74.4680
3708,75.2881
3709,74.7669
3710,74.8832
3711,73.5617
3712,68.8283
3713,69.9081
3714,68.1203
3715,67.6823
3716,69.1599
3717,68.8549
3718,67.6656
3719,65.1239
3720,66.2782
3721,68.2034
3722,67.2338
3723,66.6487
3724,66.3421
3725,66.4492
3726,65.5334
3727,65.7966
3728,65.0978
3729,67.9827
3730,70.1362
3731,69.2504
3732,67.3219
3733,66.9259
3734,67.1060
3735,66.0572
3736,66.8761
3737,66.4660
3738,64.0964
3739,62.0741
3740,64.6508
3741,64.2152
3742,63.8728
3743,64.4821
3744,65.6619
3745,57.5494
3746,56.1927
3747,57.4638
3748,58.5420
3749,58.3580
3750,58.1868
3751,57.9480
3752,56.5039
3753,58.4876
3754,58.4244
3755,60.1516
3756,61.0200
3757,61.6559
3758,60.1105
3759,59.9961
3760,59.9422
3761,59.1161
3762,59.0943
3763,57.6631
3764,57.3047
3765,57.9149
3766,56.8859
3767,57.6785
3768,57.1133
3769,56.7060
3770,55.3019
3771,53.9632
3772,55.3885
3773,54.6842
3774,55.3163
3775,55.4625
3776,56.2525
3777,55.0398
3778,55.0295
3779,55.5627
3780,56.9964
3781,58.5457
3782,58.3877
3783,58.0781
3784,58.1616
3785,59.3409
3786,59.5555
3787,59.2415
3788,58.0781
3789,56.8679
3790,55.1015
3791,55.2148
3792,55.4972
3793,54.9486
3794,54.3679
3795,54.7546
3796,54.8535
3797,55.9725
3798,55.7978
3799,55.2158
3800,53.9375
3801,54.7585
3802,51.7472
3803,50.3661
3804,50.1708
3805,51.2166
3806,52.1750
3807,52.0891
3808,52.4640
3809,53.5977
3810,55.2569
3811,56.8833
3812,56.4350
3813,57.2353
3814,57.8083
3815,59.1868
3816,58.9232
3817,59.5889
3818,59.0724
3819,58.5810
3820,58.8099
3821,57.4028
3822,55.4616
3823,56.2024
3824,56.0320
3825,57.2826
3826,56.8597
3827,57.0787
3828,57.1804
3829,57.5697
3830,57.0897
3831,57.5438
3832,58.4012
3833,58.1626
3834,58.2900
3835,58.1077
3836,57.5645
3837,56.7045
3838,57.1378
3839,56.7601
3840,56.5932
3841,55.8936
3842,56.3818
3843,55.6168
3844,55.8690
3845,55.8393
3846,54.7051
3847,53.9082
3848,53.4765
3849,52.0591
3850,52.0707
3851,51.4810
3852,50.9262
3853,51.2818
3854,52.9230
3855,54.1218
3856,54.4206
3857,53.9834
3858,53.6769
3859,54.6210
3860,54.4115
3861,55.2596
3862,55.1590
3863,55.2793
3864,55.6356
3865,55.6505
3866,55.8377
3867,54.9573
3868,55.1331
3869,54.1865
3870,56.9696
3871,56.7096
3872,57.0317
3873,57.9111
3874,58.6263
3875,58.5241
3876,59.0603
3877,59.8186
3878,60.7123
3879,60.1691
3880,60.1342
3881,60.0152
3882,59.1612
3883,60.8419
3884,63.7332
3885,64.8957
3886,64.8189
3887,65.3943
3888,66.0986
3889,65.2303
3890,65.3982
3891,65.4764
3892,65.2238
3893,65.4777
3894,63.6056
3895,63.9058
3896,64.0105
3897,63.4268
3898,63.6043
3899,64.9206
3900,64.4753
3901,64.8593
3902,65.8942
3903,64.3932
3904,60.8874
3905,61.5357
3906,60.5216
3907,58.5975
3908,59.2745
3909,60.4930
3910,61.4850
3911,60.8484
3912,63.8725
3913,63.6720
3914,62.6866
3915,63.2971
3916,62.8454
3917,62.0643
3918,63.5236
3919,63.7319
3920,62.9313
3921,62.8818
3922,63.4963
3923,62.6097
3924,63.3450
3925,63.7421
3926,64.1553
3927,64.5755
3928,64.9192
3929,65.2360
3930,65.6768
3931,66.2483
3932,67.8720
3933,67.6774
3934,68.3404
3935,69.2451
3936,68.4703
3937,68.9803
3938,67.2622
3939,68.3320
3940,68.0464
3941,67.6986
3942,68.5734
3943,68.4040
3944,68.2115
3945,67.1079
3946,68.1643
3947,67.9664
3948,68.0923
3949,68.1740
3950,69.1595
3951,68.7446
3952,67.9115
3953,68.0321
3954,67.4363
3955,68.2398
3956,68.0648
3957,68.5807
3958,69.8457
3959,71.4903
3960,72.8142
3961,72.1804
3962,74.1566
3963,73.9835
3964,74.3634
3965,73.3314
3966,74.1708
3967,74.0555
3968,73.5069
3969,73.3995
3970,72.5994
3971,73.0014
3972,72.6728
3973,72.1202
3974,71.2939
3975,71.8910
3976,74.6500
3977,74.3331
3978,73.8395
3979,73.3406
3980,72.6112
3981,73.4623
3982,72.4292
3983,70.8382
3984,71.2245
3985,70.7148
3986,71.1630
3987,70.2541
3988,69.7854
3989,70.1508
3990,71.5466
3991,72.9831
3992,72.5759
3993,70.7976
3994,71.8976
3995,72.2171
3996,72.8286
3997,71.5047
3998,72.0848
3999,66.3233
4000,65.5703
4001,65.4436
4002,65.5507
4003,65.6725
4004,66.6231
4005,67.1207
4006,67.5096
4007,68.4541
4008,69.6804
4009,70.5985
4010,70.5933
4011,71.7142
4012,71.6563
4013,71.9197
4014,70.7843
4015,69.9649
4016,69.1878
4017,69.4907
4018,68.7676
4019,68.1472
4020,69.5065
4021,69.3182
4022,69.5184
4023,69.9768
4024,70.1243
4025,69.9123
4026,69.8714
4027,69.9347
4028,70.6157
4029,70.6842
4030,69.8991
4031,69.1140
4032,69.3840
4033,69.9979
4034,69.9794
4035,69.6422
4036,70.1915
4037,71.0240
4038,71.7880
4039,71.1017
4040,70.7961
4041,70.7171
4042,70.7013
4043,71.3480
4044,71.4666
4045,70.9713
4046,70.0532
4047,68.9533
4048,68.9494
4049,69.8556
4050,68.9546
4051,68.4449
4052,68.7175
4053,68.2275
4054,68.3658
4055,69.1469
4056,69.9676
4057,70.0373
4058,69.1219
4059,74.7887
4060,75.3380
4061,78.2556
4062,78.0238
4063,77.7287
4064,77.9118
4065,78.0567
4066,79.1606
4067,78.2978
4068,78.0238
4069,77.8855
4070,77.5613
4071,78.5266
4072,78.6498
4073,78.6644
4074,77.9954
4075,79.1465
4076,80.0843
4077,80.1002
4078,80.3122
4079,80.4393
4080,81.3480
4081,82.8713
4082,82.6567
4083,84.1628
4084,83.8475
4085,83.2713
4086,84.4489
4087,85.4132
4088,85.7483
4089,85.5126
4090,86.8810
4091,87.3909
4092,87.0293
4093,85.5736
4094,84.6371
4095,85.4901
4096,85.3789
4097,85.4716
4098,85.1749
4099,84.2940
4100,84.2198
4101,83.7099
4102,83.7840
4103,84.2847
4104,85.2861
4105,86.1670
4106,86.7141
4107,86.6770
4108,87.1870
4109,88.9839
4110,88.4109
4111,88.4480
4112,88.1188
4113,88.2903
4114,89.4308
4115,88.3831
4116,87.8824
4117,86.3153
4118,87.5578
4119,87.1026
4120,87.8267
4121,90.1170
4122,89.9686
4123,90.5630
4124,91.8138
4125,91.2204
4126,91.0071
4127,88.6427
4128,89.1341
4129,88.6334
4130,88.1976
4131,88.0493
4132,88.0400
4133,88.2823
4134,89.4471
4135,89.4284
4136,90.6119
4137,90.8541
4138,91.3014
4139,92.4010
4140,93.6776
4141,93.7149
4142,93.7242
4143,94.4138
4144,94.6188
4145,94.0121
4146,95.1686
4147,95.2804
4148,95.5133
4149,96.2588
4150,92.1960
4151,91.4319
4152,92.2239
4153,91.6555
4154,91.3107
4155,94.1156
4156,94.5163
4157,94.7306
4158,94.7026
4159,93.9851
4160,94.6560
4161,94.8517
4162,94.0783
4163,94.1715
4164,95.6438
4165,94.8145
4166,91.1989
4167,93.8826
4168,93.2862
4169,93.8826
4170,92.4196
4171,93.0906
4172,92.8296
4173,92.8296
4174,92.0189
4175,93.9292
4176,94.1342
4177,93.8640
4178,93.0067
4179,92.0189
4180,90.8914
4181,89.6987
4182,91.0126
4183,92.9601
4184,95.4854
4185,95.9699
4186,97.6845
4187,98.0479
4188,97.9454
4189,99.4643
4190,100.0234
4191,99.6880
4192,100.6384
4193,101.9430
4194,101.1975
4195,101.4398
4196,101.7287
4197,102.0188
4198,101.8504
4199,102.6646
4200,104.1151
4201,105.5845
4202,106.8572
4203,106.6794
4204,108.0645
4205,107.3158
4206,108.8506
4207,109.0004
4208,111.0172
4209,110.0579
4210,111.3681
4211,111.3026
4212,107.6902
4213,107.2784
4214,108.4950
4215,108.0832
4216,107.6246
4217,105.1914
4218,106.8011
4219,104.7703
4220,104.4614
4221,102.6926
4222,101.2842
4223,99.8991
4224,102.3932
4225,105.4254
4226,104.6112
4227,105.6968
4228,105.3224
4229,104.8264
4230,106.6794
4231,106.6046
4232,105.3037
4233,103.3009
4234,102.3183
4235,99.4358
4236,99.4452
4237,100.8396
4238,104.7141
4239,104.8264
4240,102.2434
4241,103.1512
4242,102.7581
4243,99.9693
4244,99.1925
4245,101.7474
4246,102.5242
4247,105.1914
4248,105.7342
4249,105.8465
4250,102.1405
4251,107.9148
4252,111.2745
4253,109.6461
4254,111.0218
4255,111.0406
4256,111.8922
4257,112.6877
4258,111.7388
4259,112.4810
4260,114.6419
4261,117.3290
4262,118.8134
4263,119.3960
4264,120.1006
4265,120.9321
4266,120.6831
4267,121.6649
4268,124.9580
4269,124.1782
4270,121.0026
4271,122.5293
4272,120.6925
4273,121.2844
4274,121.5381
4275,120.7677
4276,118.7665
4277,118.9450
4278,119.4523
4279,116.9814
4280,114.8486
4281,116.9250
4282,116.1170
4283,117.3947
4284,119.3584
4285,120.7019
4286,119.7859
4287,118.2873
4288,119.5181
4289,119.0295
4290,115.9197
4291,116.7277
4292,115.7975
4293,118.7289
4294,116.9062
4295,116.7371
4296,117.7424
4297,119.6496
4298,118.3907
4299,118.0054
4300,118.9074
4301,119.4147
4302,119.1799
4303,118.6631
4304,119.1141
4305,118.5410
4306,117.2068
4307,119.8845
4308,119.2362
4309,120.8428
4310,121.8293
4311,122.4025
4312,124.6292
4313,122.6655
4314,120.8616
4315,117.5827
4316,121.1529
4317,120.9180
4318,118.1934
4319,117.4511
4320,118.1746
4321,120.4011
4322,119.1746
4323,118.7453
4324,118.8821
4325,121.6558
4326,121.4860
4327,122.8257
4328,122.7125
4329,122.7030
4330,123.9578
4331,125.0428
4332,122.2879
4333,124.5758
4334,124.3258
4335,122.9106
4336,123.1512
4337,122.6087
4338,122.7597
4339,122.0426
4340,121.3728
4341,120.5709
4342,120.2124
4343,121.5898
4344,121.3162
4345,119.9765
4346,119.7407
4347,120.3822
4348,120.0992
4349,120.6464
4350,119.4388
4351,120.3916
4352,119.8444
4353,120.8634
4354,120.2879
4355,119.5803
4356,117.4859
4357,118.3302
4358,119.4388
4359,119.2878
4360,118.8727
4361,118.5802
4362,115.6367
4363,113.2781
4364,116.3066
4365,118.5519
4366,118.5048
4367,119.6463
4368,121.2407
4369,122.2879
4370,124.5993
4371,123.3540
4372,118.1368
4373,118.0802
4374,117.4576
4375,115.8254
4376,116.4009
4377,116.0330
4378,115.4480
4379,114.4386
4380,111.7403
4381,108.1553
4382,108.8723
4383,109.1082
4384,109.4778
4385,113.4581
4386,107.5539
4387,109.2124
4388,109.1271
4389,109.8947
4390,111.0320
4391,110.4065
4392,108.9944
4393,106.7579
4394,100.2283
4395,97.7263
4396,98.3139
4397,103.9527
4398,107.0138
4399,107.3644
4400,106.8621
4401,102.0857
4402,106.4641
4403,104.5971
4404,103.5547
4405,106.4357
4406,104.3886
4407,106.6821
4408,108.2363
4409,109.2787
4410,110.1980
4411,110.3212
4412,107.9614
4413,107.5160
4414,109.1840
4415,107.4686
4416,108.3405
4417,108.9850
4418,108.7101
4419,106.5589
4420,103.3557
4421,104.5308
4422,103.8485
4423,104.6066
4424,104.9857
4425,105.4880
4426,104.9857
4427,103.7726
4428,106.2556
4429,105.7628
4430,105.9429
4431,104.4455
4432,106.0092
4433,105.2321
4434,105.8860
4435,107.8193
4436,107.8098
4437,109.4588
4438,112.8516
4439,109.2503
4440,108.5585
4441,113.0316
4442,114.2257
4443,113.2496
4444,114.8417
4445,116.1590
4446,115.6188
4447,115.0881
4448,115.2214
4449,114.7550
4450,111.1383
4451,110.5101
4452,110.1389
4453,106.9219
4454,108.6684
4455,108.2068
4456,111.6332
4457,113.0513
4458,113.5462
4459,112.0710
4460,113.1465
4461,112.3375
4462,112.1281
4463,112.5945
4464,111.6808
4465,110.6719
4466,109.6440
4467,113.2893
4468,112.5754
4469,112.5279
4470,110.0437
4471,110.5672
4472,107.7214
4473,107.0552
4474,105.1611
4475,105.9702
4476,103.7240
4477,100.9163
4478,102.1536
4479,102.0584
4480,103.3718
4481,102.8198
4482,101.6682
4483,103.4956
4484,102.1440
4485,100.1834
4486,100.2690
4487,97.7564
4488,95.8433
4489,91.7983
4490,92.2837
4491,93.7780
4492,95.1390
4493,92.6930
4494,94.7202
4495,92.4455
4496,91.9982
4497,92.1219
4498,91.6555
4499,96.5286
4500,94.6441
4501,95.1676
4502,88.9144
4503,89.5521
4504,92.6454
4505,91.7793
4506,89.9233
4507,91.7031
4508,92.4360
4509,89.9672
4510,90.9145
4511,90.8954
4512,90.2064
4513,89.6610
4514,89.9385
4515,92.4743
4516,93.8905
4517,92.1106
4518,91.9001
4519,92.7039
4520,90.6083
4521,91.9575
4522,92.5891
4523,92.7326
4524,92.5221
4525,96.1966
4526,96.4071
4527,97.1248
4528,98.5697
4529,97.4788
4530,96.6750
4531,96.7611
4532,96.8090
4533,97.8520
4534,98.1008
4535,100.0720
4536,101.4021
4537,101.2394
4538,101.3542
4539,101.3447
4540,102.1197
4541,101.5552
4542,101.1150
4543,100.6557
4544,103.0384
4545,104.8373
4546,104.2919
4547,105.2488
4548,106.3301
4549,105.0765
4550,106.1770
4551,103.8613
4552,103.9761
4553,104.3206
4554,105.6794
4555,107.2104
4556,107.2678
4557,105.1148
4558,102.8470
4559,102.3016
4560,102.5121
4561,101.4021
4562,101.1246
4563,100.5504
4564,99.8519
4565,93.6034
4566,90.7423
4567,89.6993
4568,89.6036
4569,91.0772
4570,90.1299
4571,89.7662
4572,89.2656
4573,89.3330
4574,89.9395
4575,89.0634
4576,86.9743
4577,87.1476
4578,90.3824
4579,90.0069
4580,91.0371
4581,90.6905
4582,91.6725
4583,92.8374
4584,94.2526
4585,95.9085
4586,96.6691
4587,96.6113
4588,96.1396
4589,94.7918
4590,94.0793
4591,94.2719
4592,94.9554
4593,95.3405
4594,95.2539
4595,95.9374
4596,95.1480
4597,93.7135
4598,93.8290
4599,93.5209
4600,93.9157
4601,91.7784
4602,91.5569
4603,92.3368
4604,91.9902
4605,92.5197
4606,89.9203
4607,88.6109
4608,90.1032
4609,90.8830
4610,92.0383
4611,92.3175
4612,91.4510
4613,91.9709
4614,92.3656
4615,93.0781
4616,93.3669
4617,93.7905
4618,93.2610
4619,95.1095
4620,95.0998
4621,96.1107
4622,96.1492
4623,96.2359
4624,95.7256
4625,94.9843
4626,93.7135
4627,93.0685
4628,99.1145
4629,100.4527
4630,100.3275
4631,102.0990
4632,100.5875
4633,101.8487
4634,102.4745
4635,104.0328
4636,104.8943
4637,105.3202
4638,104.5361
4639,104.4684
4640,104.7104
4641,105.9687
4642,105.8719
4643,105.7170
4644,105.5815
4645,105.8525
4646,105.0298
4647,105.3589
4648,104.5652
4649,104.1199
4650,103.5101
4651,103.3940
4652,102.6003
4653,102.6971
4654,103.3069
4655,104.2748
4656,104.2458
4657,104.8846
4658,102.1357
4659,99.8223
4660,102.0583
4661,104.4877
4662,108.1852
4663,111.8634
4664,111.2342
4665,109.9372
4666,109.9275
4667,109.9081
4668,110.9438
4669,109.0951
4670,109.2596
4671,109.4629
4672,110.2953
4673,108.5821
4674,109.4242
4675,108.9112
4676,109.3758
4677,109.4242
4678,110.2372
4679,110.4018
4680,112.3280
4681,112.5699
4682,113.5766
4683,113.2281
4684,113.8573
4685,113.7798
4686,113.7024
4687,113.3636
4688,113.3056
4689,112.8603
4690,113.8766
4691,114.4574
4692,111.8827
4693,110.8083
4694,110.0727
4695,109.8985
4696,107.9142
4697,108.0110
4698,106.8592
4699,105.8959
4700,107.4235
4701,108.0559
4702,107.8808
4703,104.8744
4704,105.4970
4705,102.8506
4706,104.2127
4707,107.0148
4708,106.9759
4709,107.0829
4710,108.7078
4711,108.7759
4712,108.2213
4713,108.7662
4714,108.5521
4715,108.4451
4716,107.5305
4717,106.5284
4718,106.9273
4719,106.1586
4720,106.9759
4721,108.0267
4722,109.0872
4723,110.8677
4724,110.2353
4725,112.0742
4726,112.0742
4727,112.6871
4728,112.8331
4729,113.4850
4730,113.7866
4731,113.8936
4732,113.1444
4733,113.3682
4734,114.0882
4735,113.6017
4736,113.5725
4737,112.6871
4738,113.0082
4739,112.8817
4740,113.4558
4741,114.7206
4742,115.7714
4743,115.8882
4744,116.5108
4745,116.0244
4746,115.8200
4747,116.7541
4748,116.7443
4749,116.5400
4750,116.7541
4751,116.8319
4752,116.7249
4753,118.5832
4754,118.6416
4755,118.6513
4756,118.3400
4757,118.0676
4758,125.2674
4759,125.0533
4760,125.5885
4761,126.7657
4762,127.9722
4763,128.4684
4764,129.3927
4765,129.0996
4766,130.2428
4767,131.9333
4768,132.4121
4769,132.2508
4770,132.6173
4771,133.5749
4772,133.9755
4773,133.4087
4774,133.5358
4775,133.7996
4776,133.8582
4777,136.5942
4778,135.7832
4779,136.5844
4780,136.1545
4781,136.3304
4782,135.8223
4783,135.5096
4784,135.9591
4785,136.0177
4786,135.8125
4787,137.2489
4788,137.4736
4789,136.7896
4790,138.2260
4791,136.6431
4792,138.1870
4793,137.6984
4794,137.4248
4795,137.6593
4796,140.5125
4797,140.8252
4798,140.6396
4799,140.3757
4800,140.4148
4801,141.4604
4802,140.7275
4803,140.3757
4804,140.0631
4805,139.8969
4806,138.3922
4807,138.5583
4808,137.8254
4809,138.5876
4810,137.9720
4811,137.4639
4812,139.1836
4813,139.0175
4814,140.3562
4815,141.2259
4816,140.3953
4817,140.5028
4818,140.3660
4819,143.2290
4820,144.1377
4821,143.6980
4822,143.1801
4823,145.5546
4824,149.5120
4825,150.4696
4826,149.7563
4827,151.0461
4828,153.1555
4829,152.7631
4830,152.5374
4831,147.4159
4832,149.6627
4833,150.1729
4834,151.0853
4835,150.8989
4836,150.4476
4837,150.9676
4838,150.7125
4839,150.7714
4840,149.8785
4841,150.2906
4842,152.5178
4843,151.0265
4844,151.5367
4845,152.4393
4846,152.0665
4847,146.1698
4848,142.6770
4849,143.8249
4850,142.4219
4851,141.5683
4852,139.5864
4853,143.5796
4854,142.2747
4855,143.1185
4856,142.8830
4857,143.5208
4858,143.0695
4859,141.0189
4860,143.0793
4861,140.9698
4862,141.3034
4863,140.7932
4864,141.3721
4865,140.0377
4866,141.4604
4867,142.3238
4868,142.7849
4869,142.9910
4870,144.9827
4871,146.2287
4872,146.7389
4873,147.2491
4874,148.1714
4875,147.5042
4876,147.4355
4877,149.2212
4878,149.8589
4879,150.5653
4880,147.7200
4881,146.6800
4882,145.9246
4883,147.2197
4884,154.1759
4885,152.6355
4886,153.4401
4887,155.8144
4888,157.0605
4889,158.0220
4890,153.0084
4891,155.1362
4892,157.4710
4893,159.1949
4894,158.5546
4895,155.5106
4896,155.1559
4897,154.8702
4898,157.4020
4899,157.5990
4900,156.8996
4901,157.4808
4902,159.0668
4903,160.4854
4904,160.9189
4905,161.5592
4906,161.6084
4907,159.6678
4908,159.5003
4909,158.8600
4910,156.2691
4911,159.0964
4912,158.4659
4913,157.2739
4914,155.9243
4915,157.5005
4916,156.3085
4917,156.3676
4918,153.7472
4919,151.1071
4920,149.6294
4921,148.3094
4922,150.8608
4923,151.9346
4924,150.9987
4925,151.8262
4926,151.5208
4927,152.1809
4928,151.1958
4929,153.0773
4930,152.9887
4931,153.5206
4932,153.5797
4933,154.2201
4934,153.6783
4935,154.6535
4936,157.5005
4937,158.0817
4938,157.3823
4939,153.6586
4940,153.9245
4941,153.8457
4942,154.7619
4943,154.0822
4944,155.0673
4945,160.6233
4946,164.2387
4947,166.5242
4948,164.4062
4949,165.6080
4950,169.9327
4951,171.6566
4952,172.2083
4953,173.6170
4954,173.2624
4955,172.6910
4956,171.9989
4957,169.3987
4958,167.1643
4959,169.1615
4960,168.2222
4961,168.0541
4962,171.1783
4963,172.9777
4964,172.9876
4965,172.1176
4966,171.1091
4967,167.5598
4968,169.9030
4969,169.1120
4970,167.8762
4971,167.7180
4972,167.0951
4973,167.4016
4974,167.4511
4975,170.7137
4976,169.7547
4977,170.3182
4978,170.2688
4979,171.9989
4980,174.4212
4981,172.5625
4982,172.3746
4983,173.0272
4984,173.0272
4985,168.6375
4986,168.6671
4987,169.1417
4988,167.3126
4989,170.3083
4990,170.2787
4991,171.0696
4992,173.0173
4993,172.3746
4994,172.3549
4995,172.3153
4996,173.2941
4997,175.0836
4998,174.1938
4999,177.0708
